{
  "run_id": "8d232600",
  "total_samples": 40,
  "successful_samples": 40,
  "failed_samples": 0,
  "skipped_samples": 0,
  "success_rate": 1.0,
  "mean_correctness": 0.004713118168199812,
  "mean_completeness": 0.014094044621626037,
  "mean_code_reuse": 0.425,
  "mean_best_practices": 0.0,
  "mean_unsolicited_docs": 0.925,
  "mean_aggregate": 0.2737614325579652,
  "std_aggregate": 0.29370910442718057,
  "mean_elapsed_ms": 433297.125,
  "tasks_per_hour": 8.308386537298166,
  "edit_run_id": "074538b9",
  "judge_run_id": "8d232600",
  "test_label": "v0",
  "runner": "factory",
  "model": "claude-sonnet-4-5-20250929"
}