{
  "run_id": "609ef74e",
  "total_samples": 47,
  "successful_samples": 47,
  "failed_samples": 0,
  "skipped_samples": 0,
  "success_rate": 1.0,
  "win_rate": 0.2127659574468085,
  "mean_correctness": -0.42340425531914894,
  "mean_completeness": -0.4308510638297872,
  "mean_code_reuse": -0.24468085106382978,
  "mean_best_practices": -0.33191489361702126,
  "mean_unsolicited_docs": 0.425531914893617,
  "mean_aggregate": -0.20106382978723406,
  "std_aggregate": 0.29104933126274685,
  "mean_elapsed_ms": 482452.170212766,
  "tasks_per_hour": 7.461879585726324,
  "edit_run_id": "6bf04592",
  "judge_run_id": "609ef74e",
  "test_label": "v1-mcp",
  "runner": "factory",
  "model": "custom:glm-4.6"
}